UnitID,Institution Name,NCAA/NAIA conference number football (IC2013),State abbreviation (HD2013),FIPS state code (HD2013),Sector of institution (HD2013),Percent of undergraduate students awarded Pell grants (SFA1314_RV),First-time degree/certificate-seeking undergraduate students (EF2013C_RV  US total),First-time degree/certificate-seeking undergraduate students (EF2013C_RV  Alabama),First-time degree/certificate-seeking undergraduate students (EF2013C_RV  Alaska),First-time degree/certificate-seeking undergraduate students (EF2013C_RV  Arizona),First-time degree/certificate-seeking undergraduate students (EF2013C_RV  Arkansas),First-time degree/certificate-seeking undergraduate students (EF2013C_RV  California),First-time degree/certificate-seeking undergraduate students (EF2013C_RV  Colorado),First-time degree/certificate-seeking undergraduate students (EF2013C_RV  Connecticut),First-time degree/certificate-seeking undergraduate students (EF2013C_RV  Delaware),First-time degree/certificate-seeking undergraduate students (EF2013C_RV  District of Columbia),First-time degree/certificate-seeking undergraduate students (EF2013C_RV  Florida),First-time degree/certificate-seeking undergraduate students (EF2013C_RV  Georgia),First-time degree/certificate-seeking undergraduate students (EF2013C_RV  Hawaii),First-time degree/certificate-seeking undergraduate students (EF2013C_RV  Idaho),First-time degree/certificate-seeking undergraduate students (EF2013C_RV  Illinois),First-time degree/certificate-seeking undergraduate students (EF2013C_RV  Indiana),First-time degree/certificate-seeking undergraduate students (EF2013C_RV  Iowa),First-time degree/certificate-seeking undergraduate students (EF2013C_RV  Kansas),First-time degree/certificate-seeking undergraduate students (EF2013C_RV  Kentucky),First-time degree/certificate-seeking undergraduate students (EF2013C_RV  Louisiana),First-time degree/certificate-seeking undergraduate students (EF2013C_RV  Maine),First-time degree/certificate-seeking undergraduate students (EF2013C_RV  Maryland),First-time degree/certificate-seeking undergraduate students (EF2013C_RV  Massachusetts),First-time degree/certificate-seeking undergraduate students (EF2013C_RV  Michigan),First-time degree/certificate-seeking undergraduate students (EF2013C_RV  Minnesota),First-time degree/certificate-seeking undergraduate students (EF2013C_RV  Mississippi),First-time degree/certificate-seeking undergraduate students (EF2013C_RV  Missouri),First-time degree/certificate-seeking undergraduate students (EF2013C_RV  Montana),First-time degree/certificate-seeking undergraduate students (EF2013C_RV  Nebraska),First-time degree/certificate-seeking undergraduate students (EF2013C_RV  Nevada),First-time degree/certificate-seeking undergraduate students (EF2013C_RV  New Hampshire),First-time degree/certificate-seeking undergraduate students (EF2013C_RV  New Jersey),First-time degree/certificate-seeking undergraduate students (EF2013C_RV  New Mexico),First-time degree/certificate-seeking undergraduate students (EF2013C_RV  New York),First-time degree/certificate-seeking undergraduate students (EF2013C_RV  North Carolina),First-time degree/certificate-seeking undergraduate students (EF2013C_RV  North Dakota),First-time degree/certificate-seeking undergraduate students (EF2013C_RV  Ohio),First-time degree/certificate-seeking undergraduate students (EF2013C_RV  Oklahoma),First-time degree/certificate-seeking undergraduate students (EF2013C_RV  Oregon),First-time degree/certificate-seeking undergraduate students (EF2013C_RV  Pennsylvania),First-time degree/certificate-seeking undergraduate students (EF2013C_RV  Rhode Island),First-time degree/certificate-seeking undergraduate students (EF2013C_RV  South Carolina),First-time degree/certificate-seeking undergraduate students (EF2013C_RV  South Dakota),First-time degree/certificate-seeking undergraduate students (EF2013C_RV  Tennessee),First-time degree/certificate-seeking undergraduate students (EF2013C_RV  Texas),First-time degree/certificate-seeking undergraduate students (EF2013C_RV  Utah),First-time degree/certificate-seeking undergraduate students (EF2013C_RV  Vermont),First-time degree/certificate-seeking undergraduate students (EF2013C_RV  Virginia),First-time degree/certificate-seeking undergraduate students (EF2013C_RV  Washington),First-time degree/certificate-seeking undergraduate students (EF2013C_RV  West Virginia),First-time degree/certificate-seeking undergraduate students (EF2013C_RV  Wisconsin),First-time degree/certificate-seeking undergraduate students (EF2013C_RV  Wyoming),First-time degree/certificate-seeking undergraduate students (EF2013C_RV  State unknown),On campus  other expenses 2013-14 (IC2013_AY),Off campus (not with family)  other expenses 2013-14 (IC2013_AY),Off campus (with family)  other expenses 2013-14 (IC2013_AY),On campus  other expenses 2013-14 (IC2013_PY),Off campus (not with family)  other expenses 2013-14 (IC2013_PY),Off campus (with family)  other expenses 2013-14 (IC2013_PY),Grand total (EF2013B_RV  Undergraduate  Age 25 and over total),
126182,Adams State University,159,CO,8,1,52,525,,,12,,24,388,,,,3,,2,,,1,1,2,,,,1,1,,,,3,3,,4,,1,50,3,,,,,5,,,,1,,14,2,,,,,2,1,1,2610,2610,2466,,,,481,
138716,Albany State University,161,GA,13,1,72,520,2,,,,,,,,1,7,503,,,1,1,,,,,,,,,,,,,,,,,,1,1,,,,,,,,,1,1,,,1,,,,,,4068,4068,3550,,,,877,
237118,Alderson Broaddus University,308,WV,54,2,48,419,,1,2,,5,,1,1,2,9,9,,,1,2,,,5,,1,49,3,6,,1,,,,2,,9,2,5,6,,40,,2,40,,,,3,11,1,1,54,1,144,,,,2520,3120,3120,,,,76,
217624,Allen University,-2,SC,45,2,90,,,,,,,,,,,,,,,,,,,,,,,,,,,,,,,,,,,,,,,,,,,,,,,,,,,,,,1800,1800,3000,,,,51,
164447,American International College,153,MA,25,2,51,,,,,,,,,,,,,,,,,,,,,,,,,,,,,,,,,,,,,,,,,,,,,,,,,,,,,,1510,2870,2870,,,,318,
222831,Angelo State University,147,TX,48,1,41,1200,,,1,,1,1,,,,,,,,,2,,,,1,,,1,,2,,,,,1,,,3,,,,2,,,,,,,1,1184,,,,,,,,,3600,3600,3600,,,,770,
197869,Appalachian State University,131,NC,37,1,27,2846,5,,,,3,1,4,1,,25,55,1,,8,,,1,1,1,2,17,1,,1,1,2,,,,3,6,,5,2581,,9,,,11,,26,,19,6,1,,40,,,4,,5,4736,5036,5036,,,,1177,
104151,Arizona State University Campus Immersion,127,AZ,4,1,32,6440,2,20,4165,1,783,116,17,5,3,17,16,14,25,153,23,19,9,1,6,6,26,26,40,69,1,18,14,9,78,10,73,45,60,30,11,38,6,43,75,2,5,3,12,105,30,3,33,110,2,50,6,6,3154,4386,4386,,,,5477,
106458,Arkansas State University,134,AR,5,1,45,1565,5,1,,1410,5,1,,,,3,3,,,9,,,2,1,1,1,,,1,,4,58,,,,,,1,,,,1,1,1,,,,,33,21,,,1,,,1,,,3984,3984,3984,,,,2262,
106467,Arkansas Tech University,367,AR,5,1,44,1739,,,,1665,3,,,,,,,,,2,,,2,,7,,,,,,3,2,,,,,,,1,1,,,14,,,,,,1,38,,,,,,,,,2648,4268,3218,,,,2553,
201104,Ashland University,144,OH,39,2,29,611,,,1,,6,,1,,,,1,,,4,6,,,1,,,,,10,1,,,,,,,2,,3,,,564,,,9,,,,,,,,,1,,1,,,2595,3728,4069,,,,1117,
164562,Assumption University,153,MA,25,2,23,489,,,,,4,1,50,,,3,,,,,,,,,,13,5,325,,,,,,,1,19,8,,17,,,,,,2,35,,,,2,,3,,,,1,,,1800,1800,1800,,,,175,
100858,Auburn University,130,AL,1,1,16,3700,2334,2,,,34,9,10,2,3,191,500,1,,37,6,2,3,21,14,,39,12,6,7,8,8,,1,1,1,22,1,17,40,,24,1,1,21,3,31,,116,96,1,3,53,4,1,9,,4,2678,2678,2678,,,,821,
219000,Augustana University,155,SD,46,2,21,329,,1,1,,3,11,,,,,,,1,3,,25,1,,,,1,,,105,,,1,18,1,2,,,,,3,,1,,,,,144,1,3,,,1,,,2,,,1400,1700,1400,,,,72,
150136,Ball State University,119,IN,18,1,34,,,,,,,,,,,,,,,,,,,,,,,,,,,,,,,,,,,,,,,,,,,,,,,,,,,,,,3010,3010,4530,,,,1165,
197911,Barton College,-2,NC,37,2,47,214,,,,,2,,,1,,6,,,,,,1,,,,,3,,,2,,,,,,,,,2,177,,2,,,2,,,,1,,,,14,,1,,,,4400,4400,4400,,,,240,
223232,Baylor University,108,TX,48,2,21,3137,,4,30,24,172,98,5,,,32,20,3,5,50,8,9,24,1,40,,8,9,7,21,8,41,1,5,6,3,4,16,10,10,,10,54,17,10,1,3,3,26,2271,2,1,19,37,,3,1,5,4938,5978,5468,,,,326,
173124,Bemidji State University,155,MN,27,1,35,,,,,,,,,,,,,,,,,,,,,,,,,,,,,,,,,,,,,,,,,,,,,,,,,,,,,,2700,2700,2700,,,,1199,
217721,Benedict College,161,SC,45,2,83,534,6,,,,4,,2,1,8,24,101,,,10,4,,,3,,,10,1,8,1,,2,,,2,,24,,7,39,,3,,,5,2,260,,1,1,,,5,,,,,,2100,7842,7842,,,,197,
164739,Bentley University,153,MA,25,2,16,,,,,,,,,,,,,,,,,,,,,,,,,,,,,,,,,,,,,,,,,,,,,,,,,,,,,,1175,1175,5270,,,,98,
219046,Black Hills State University,159,SD,46,1,34,614,,2,,,10,20,,,,3,,,2,,,,1,,,,,1,,9,,,18,11,,,,1,,,16,1,1,2,,,,442,1,,1,,,1,,,71,,3200,3200,3200,,,,1137,
211158,Bloomsburg University of Pennsylvania,158,PA,42,1,30,2214,,,,,1,,2,9,,1,,,,,,,,,,,7,,,,,,,,,,189,,47,,,,,,1957,,,,,,,,1,,,,,,4552,4552,12400,,,,424,
237215,Bluefield State College,-2,WV,54,1,56,301,,,,,,,,,,,,,,,,,,1,,,,,,,,,,,,,,,1,1,,1,,,,,1,,1,,,,34,,261,,,,,3200,3200,,,,697,
142115,Boise State University,203,ID,16,1,35,,,,,,,,,,,,,,,,,,,,,,,,,,,,,,,,,,,,,,,,,,,,,,,,,,,,,,5722,5168,4668,,,,6055,
162007,Bowie State University,140,MD,24,1,50,,,,,,,,,,,,,,,,,,,,,,,,,,,,,,,,,,,,,,,,,,,,,,,,,,,,,,1600,1600,1600,,,,927,
201441,Bowling Green State University-Main Campus,119,OH,39,1,33,3312,1,,1,,4,2,6,,4,16,2,1,,61,23,1,1,2,,2,7,7,201,2,,1,,1,1,1,8,,33,2,,2850,,1,44,2,,,1,5,,2,8,2,2,4,,,3258,4162,4784,,,,956,
110556,California State University-Fresno,203,CA,6,1,57,3212,,,2,,3190,,,,,1,,,1,1,,1,,,,,2,,,,,,,,3,,1,,,,,,1,,2,,1,,,5,1,,,,,,,,2238,2661,2518,,,,3305,
211361,California University of Pennsylvania,158,PA,42,1,39,1166,,2,,,3,2,2,,1,,1,,,2,1,,,,,,22,1,,,,,,,,,5,,10,2,,16,,1,1082,1,1,,,2,,,5,,4,,,,4495,4495,8645,,,,1184,
219806,Carson-Newman University,160,TN,47,2,40,467,2,,,,,1,,1,,21,12,,,,1,,,,,,1,,,,,1,1,,,,4,,1,19,,4,,,,,10,,384,4,,,,,,,,,2500,2000,3800,,,,95,
198215,Catawba College,160,NC,37,2,45,,,,,,,,,,,,,,,,,,,,,,,,,,,,,,,,,,,,,,,,,,,,,,,,,,,,,,3113,3113,3113,,,,250,
169248,Central Michigan University,119,MI,26,1,36,3001,,1,2,,6,2,3,,,6,2,,,65,17,,1,3,1,,4,,2839,1,,4,,,,1,,,3,3,,14,,,3,,1,,,6,1,,3,3,,6,,,1240,1240,1740,,,,2721,
201690,Central State University,308,OH,39,1,77,416,,,,,5,,,1,18,3,3,,,60,21,,,1,,,2,2,89,1,,1,,,,,3,,3,,,197,,,2,,,,,,,,,,,4,,,1500,2400,2400,,,,346,
234827,Central Washington University,213,WA,53,1,36,1498,,4,1,,14,3,,1,,,,4,2,,,,,,,,1,,,2,,,,,2,,,,,,,,1,14,,,,,,1,,,,1448,,,,,3012,3012,3012,,,,1968,
180948,Chadron State College,159,NE,31,1,36,454,,,2,,18,79,,,,1,1,,3,1,3,,2,,1,,3,,,2,,,2,234,,,1,1,1,,,,1,,,,,50,1,9,,,,,,1,37,,3680,3680,3680,,,,606,
198303,Chowan University,140,NC,37,2,69,,,,,,,,,,,,,,,,,,,,,,,,,,,,,,,,,,,,,,,,,,,,,,,,,,,,,,400,400,400,,,,106,
211644,Clarion University of Pennsylvania,158,PA,42,1,39,992,,1,,,1,,2,,6,1,,,,,,1,,,,,6,,1,,,,,,,,10,,10,,,18,,,927,,,,,1,,1,4,1,1,,,,3750,3700,2800,,,,859,
138947,Clark Atlanta University,161,GA,13,2,72,776,13,,3,2,58,3,6,4,16,51,215,,,60,2,,2,2,15,,36,4,23,4,2,8,,1,2,,20,,63,10,,30,4,3,28,,14,,18,31,,,12,3,,8,,,3465,,,,,,76,
218724,Coastal Carolina University,106,SC,45,1,39,2075,2,,1,2,7,1,59,19,3,10,17,2,,28,5,1,,10,,9,144,71,7,1,1,3,1,,,14,148,,116,72,,36,1,,108,15,962,1,10,10,,5,149,1,14,9,,,3861,4280,4568,,,,789,
127556,Colorado Mesa University,159,CO,8,1,39,2200,,5,35,3,56,1907,1,,,1,1,51,2,7,4,1,2,,,,,2,4,5,,2,2,5,9,1,,3,2,,1,3,3,6,1,,,3,,19,19,,7,6,,7,14,,3066,3066,2724,,,,2207,
126775,Colorado School of Mines,159,CO,8,1,17,912,1,14,13,2,32,535,1,3,,7,1,4,4,10,4,,16,2,4,,3,3,1,7,,3,9,15,8,1,5,3,6,4,,7,6,7,7,,1,1,4,115,5,,8,20,,6,4,,2515,2610,2500,,,,305,
128106,Colorado State University Pueblo,159,CO,8,1,41,787,,5,11,,23,694,,,,4,,3,,2,1,,2,,,,,1,1,,,1,,3,4,,,7,2,2,1,,2,1,,,,1,,11,,,1,2,,,2,,3555,3555,3411,,,,1243,
126818,Colorado State University-Fort Collins,203,CO,8,1,25,4425,3,30,39,4,229,3423,10,3,1,13,8,21,15,77,10,4,19,2,4,1,21,22,14,35,,23,8,25,16,8,12,35,9,7,5,16,9,17,18,2,1,9,5,91,13,4,24,27,,19,14,,1988,1988,1988,,,,2519,
237330,Concord University,163,WV,54,1,50,,,,,,,,,,,,,,,,,,,,,,,,,,,,,,,,,,,,,,,,,,,,,,,,,,,,,,2944,2944,2944,,,,470,
173328,Concordia University-Saint Paul,155,MN,27,2,37,258,,,,2,3,1,,,,1,1,,,14,,3,,,,,,,1,188,,1,,2,,,,,2,1,,,,,1,,,,,2,,,1,1,,31,,2,2000,2000,2000,,,,893,
169479,Davenport University,-2,MI,26,2,53,,,,,,,,,,,,,,,,,,,,,,,,,,,,,,,,,,,,,,,,,,,,,,,,,,,,,,2734,4514,4514,,,,4488,
175616,Delta State University,146,MS,28,1,45,,,,,,,,,,,,,,,,,,,,,,,,,,,,,,,,,,,,,,,,,,,,,,,,,,,,,,4025,4025,11225,,,,519,
198464,East Carolina University,111,NC,37,1,34,4484,,,,1,8,2,26,14,2,6,5,1,,,4,,1,,1,1,117,29,,2,,1,,,1,3,104,,35,3823,,5,,,54,4,4,,3,2,,3,205,1,2,6,,8,4980,4980,7480,,,,3302,
207041,East Central University,367,OK,40,1,46,550,,,,,,,,,,1,,,,,,,,,,,,,,,,,,1,,,,,,,,,544,,,,,,,4,,,,,,,,,1640,4384,4224,,,,993,
212115,East Stroudsburg University of Pennsylvania,158,PA,42,1,32,1209,,,,,,,,6,,,,,,,,,,,,,5,,,,,,,,,,270,,73,1,,1,,,850,1,,,,,,,2,,,,,,3029,4610,4795,,,,534,
169798,Eastern Michigan University,119,MI,26,1,44,2849,,1,3,,8,,,,,7,4,,1,30,21,1,,,,2,2,2,2412,5,1,,1,3,,1,3,1,4,,,305,,,9,1,,,,6,,,2,3,1,5,,4,2158,2498,3258,,,,5145,
187648,Eastern New Mexico University-Main Campus,147,NM,35,1,36,652,1,1,4,,10,8,,,,3,,,,1,,1,,,,,,,,,,,,1,1,,,539,,,,,3,,,1,,,2,72,,,1,1,,,1,1,4375,4375,4375,,,,1246,
212160,Edinboro University of Pennsylvania,158,PA,42,1,45,1057,,,,,6,1,1,,,4,1,,,,,,,,,,8,2,5,,,,,,,,5,,42,,,48,,,921,,,,1,2,,3,6,,1,,,,2150,2200,2500,,,,780,
133526,Edward Waters College,337,FL,12,2,95,,,,,,,,,,,,,,,,,,,,,,,,,,,,,,,,,,,,,,,,,,,,,,,,,,,,,,4152,4152,4152,,,,169,
198507,Elizabeth City State University,140,NC,37,1,71,323,,,,,,,,,3,1,2,,,,,,,,,,8,,,,,,,,,,1,,,299,,,,,2,,,,,,,,7,,,,,,1000,1000,550,,,,450,
232025,Emory & Henry College,192,VA,51,2,36,263,1,,,,2,,1,1,1,6,7,,,,1,,,3,,,3,1,1,1,,,,,,,,,3,44,,1,,,,,2,,30,2,,,151,,1,,,,2048,3048,2248,,,,28,
155025,Emporia State University,148,KS,20,1,40,658,,,,,,5,,,,,,,,1,,,611,,1,,,,,,,22,,1,1,,,,,,,,6,,,,,,,10,,,,,,,,,3460,3460,3460,,,,669,
217998,Erskine College,-2,SC,45,2,38,,,,,,,,,,,,,,,,,,,,,,,,,,,,,,,,,,,,,,,,,,,,,,,,,,,,,,3875,1300,11500,,,,16,
237367,Fairmont State University,370,WV,54,1,47,745,,,,,,,1,,3,15,,,,,,,,,,,14,,,,,,,,,,2,,2,3,,11,,,12,1,3,,,,,,12,,666,,,,2800,3400,3400,,,,1048,
198543,Fayetteville State University,140,NC,37,1,58,702,,1,,,,1,,,15,3,2,,,,,,1,,1,1,4,,1,,,,,,,,2,,1,652,,,,,1,,4,,,,,,4,1,,,,7,2218,2218,2218,,,,2344,
169910,Ferris State University,144,MI,26,1,41,1986,,2,,,2,1,2,,1,5,1,,,53,24,1,,2,,,2,2,1841,2,,1,,1,,,,,8,,,17,,,,,,1,2,5,1,,1,,,5,,3,1456,1456,2392,,,,3217,
133669,Florida Atlantic University,134,FL,12,1,39,3278,2,,3,,4,7,20,1,2,3024,8,,,7,1,1,1,2,,,10,10,5,1,,5,,1,,4,39,,47,3,,6,1,1,18,3,2,,5,15,1,,10,,,3,,5,4017,5294,5294,,,,7252,
133951,Florida International University,111,FL,12,1,56,3913,1,,1,1,8,,7,,1,3689,7,2,,9,1,2,,2,2,3,14,5,4,,,3,1,1,,2,25,,24,12,,7,,2,7,2,4,,5,13,1,1,13,1,,3,,27,4454,5276,7288,,,,10561,
155061,Fort Hays State University,148,KS,20,1,28,1055,1,,5,4,6,126,1,,,6,5,,1,1,3,1,747,,1,,1,1,1,,17,12,1,49,1,1,,1,3,4,,9,11,1,4,,2,,6,17,,,4,,1,,,,3966,3966,2002,,,,3451,
127185,Fort Lewis College,159,CO,8,1,33,872,1,32,63,7,32,464,,,,2,1,2,1,11,2,,8,,1,,2,,3,9,1,4,2,1,6,3,4,119,2,1,,,25,5,4,,1,5,2,25,9,1,3,3,,4,1,,3744,4584,3980,,,,608,
139719,Fort Valley State University,161,GA,13,1,77,537,,,,,1,,1,,,2,520,,,1,,,1,,,,1,,,,,,,,,,,,4,1,,,,,,,2,,,1,,,1,1,,,,,4935,500,500,,,,424,
182795,Franklin Pierce University,342,NH,33,2,32,,,,,,,,,,,,,,,,,,,,,,,,,,,,,,,,,,,,,,,,,,,,,,,,,,,,,,2100,3100,3100,,,,270,
162584,Frostburg State University,172,MD,24,1,37,885,,,,,,,,3,15,,,,,1,,,,,,,825,,,,,,,,,,8,,3,1,,,,,12,,,,,,,,14,,3,,,,1806,3606,3606,,,,529,
212601,Gannon University,158,PA,42,2,29,586,,,1,,7,1,,,,2,1,,1,2,4,,,,,,7,2,4,,,,,,,,3,,66,3,,64,,1,414,,,,,1,,,,,,2,,,2314,2314,2314,,,,261,
139931,Georgia Southern University,131,GA,13,1,38,3539,3,,,,5,2,2,,1,50,3404,,,3,1,,2,,1,,4,2,1,1,,1,,,,1,6,,3,7,,1,1,,1,,19,,2,2,,,11,,,1,,1,5650,5876,5876,,,,1478,
139940,Georgia State University,134,GA,13,1,52,3414,9,,1,4,6,,1,,3,12,3283,,1,9,4,1,1,,2,,3,1,1,3,1,2,,,1,,7,,8,8,,8,1,,5,,8,,4,10,,,4,1,,,,1,2754,4410,4410,,,,5616,
237385,Glenville State College,370,WV,54,1,36,,,,,,,,,,,,,,,,,,,,,,,,,,,,,,,,,,,,,,,,,,,,,,,,,,,,,,5006,5006,4762,,,,571,
170082,Grand Valley State University,144,MI,26,1,36,4056,,1,,1,2,3,1,,,5,2,,,200,48,1,,1,,,2,,3748,2,,,,,2,,,,1,1,,21,,1,3,,,1,,1,,,1,,,7,,,2250,2250,4850,,,,2107,
107044,Harding University,367,AR,5,2,27,,,,,,,,,,,,,,,,,,,,,,,,,,,,,,,,,,,,,,,,,,,,,,,,,,,,,,3200,3200,3200,,,,257,
107071,Henderson State University,367,AR,5,1,54,696,,,,597,1,,,,,,,,,1,,1,,1,4,,,,2,,1,1,,,,,,,,,,,4,,,,,,2,81,,,,,,,,,4276,5676,4876,,,,547,
170286,Hillsdale College,,,,,,,,,,,,,,,,,,,,,,,,,,,,,,,,,,,,,,,,,,,,,,,,,,,,,,,,,,,,,,,,,,
213020,Indiana University of Pennsylvania-Main Campus,158,PA,42,1,37,2743,,,,,2,,2,2,4,1,,,,1,2,,,,,,46,2,2,,,,,,2,,52,,9,,,8,,,2562,1,,,,,,,43,,1,1,,,2640,2640,2620,,,,811,
151351,Indiana University-Bloomington,107,IN,18,1,16,6998,5,2,12,,169,22,46,2,8,78,31,2,,1087,4368,5,14,39,,1,58,49,83,51,1,78,3,7,5,,152,1,181,11,1,160,,,61,1,2,1,30,57,2,1,38,7,,46,,20,2962,2962,3986,,,,1101,
153603,Iowa State University,108,IA,19,1,22,5704,1,1,7,2,47,27,3,,2,12,1,3,,811,10,3540,18,1,1,2,3,3,11,778,,43,2,84,4,1,7,2,9,3,1,9,2,1,10,,2,23,1,76,,,10,4,,111,,15,2430,2430,2430,,,,1589,
198756,Johnson C Smith University,140,NC,37,2,66,223,,,,,3,,4,,7,10,11,,,1,2,,,1,,,6,1,1,,,,,,5,,1,,8,112,,3,,,1,,39,,,2,,,5,,,,,,5100,5100,5100,,,,234,
155399,Kansas State University,108,KS,20,1,24,3704,3,3,4,2,33,53,2,,,9,10,,2,56,7,12,3027,,1,3,6,5,7,28,,175,1,48,2,,8,6,9,5,1,6,12,4,6,,2,4,3,102,2,,17,5,1,11,1,,3936,3916,4554,,,,2107,
203517,Kent State University at Kent,119,OH,39,1,33,4213,1,1,2,1,20,2,2,3,1,16,9,,,53,12,1,2,4,3,1,23,10,33,4,,7,,,,2,15,,56,6,,3555,2,1,308,,4,1,2,11,1,3,14,1,7,6,,7,4174,4174,5190,,,,3209,
157058,Kentucky State University,161,KY,21,1,59,537,11,,,,6,,1,2,10,7,7,1,,86,41,,1,202,,,,2,58,,3,2,1,,1,,1,,,,,83,,,,,,,3,5,,,,,,2,,1,3240,6278,6278,,,,477,
157076,Kentucky Wesleyan College,145,KY,21,2,50,,,,,,,,,,,,,,,,,,,,,,,,,,,,,,,,,,,,,,,,,,,,,,,,,,,,,,2090,4340,4340,,,,70,
213349,Kutztown University of Pennsylvania,158,PA,42,1,32,1792,,,,,1,,1,10,,,,,,,,,,,,1,11,1,1,,,1,,,,1,210,,10,,,3,,,1541,,,,,,,,,,,,,,3600,3600,3600,,,,531,
203580,Lake Erie College,144,OH,39,2,37,199,,,,,3,,1,,,2,2,,,3,6,,,2,,,8,,11,2,,,,,,,,,13,,,138,,,6,,,,,,,,1,,1,,,,3310,3530,3530,,,,64,
220598,Lane College,161,TN,47,2,92,,,,,,,,,,,,,,,,,,,,,,,,,,,,,,,,,,,,,,,,,,,,,,,,,,,,,,2000,2150,2850,,,,154,
198835,Lenoir-Rhyne University,160,NC,37,2,43,,,,,,,,,,,,,,,,,,,,,,,,,,,,,,,,,,,,,,,,,,,,,,,,,,,,,,2850,2850,2850,,,,179,
218238,Limestone University,-2,SC,45,2,52,470,3,,,,1,1,2,,,14,10,1,,1,1,,,,,,8,2,,1,,,,,,,3,,10,54,,2,,,5,,311,,2,2,,,3,,,2,,31,4232,3807,8832,,,,1896,
213598,Lincoln University,140,PA,42,1,63,317,,,,,8,,7,18,15,3,3,,,2,1,,,,1,,42,1,3,,,,,,1,,37,,54,2,,1,,,111,,,,1,3,,,3,,,,,,3315,4922,4922,,,,163,
177940,Lincoln University,148,MO,29,1,56,413,,,,1,3,,,,,2,2,,,38,,1,8,1,,,1,,2,1,1,334,,4,,,1,,1,,,1,1,,,,,,3,3,,,1,,,3,,,3052,3342,3119,,,,590,
177968,Lindenwood University,148,MO,29,2,33,1159,,2,5,6,28,11,2,,,17,5,5,,226,13,6,9,4,2,,2,,8,9,1,683,,5,,1,,3,1,2,,8,5,,9,,2,1,7,45,2,,2,4,,8,1,9,6200,7000,7000,,,,2326,
198862,Livingstone College,140,NC,37,2,85,395,2,,1,,5,,,,17,13,11,,,4,,,,,,,14,1,15,,,2,,,,,1,,,277,,,,,1,,5,,2,2,,,21,1,,,,,2000,,,,,,89,
213613,Lock Haven University,158,PA,42,1,40,1083,,,,,1,,2,,,,,1,,,,,,,,,6,,,,,,,,,,35,,10,1,,,1,,1023,,,,,,,,3,,,,,,3500,3500,3500,,,,425,
159391,Louisiana State University and Agricultural & Mechanical College,130,LA,22,1,20,5425,21,2,,10,34,9,4,2,1,69,70,1,,29,2,5,2,4,4487,,29,10,5,3,41,7,,,4,1,17,3,14,15,,9,2,2,11,,3,,39,405,,,40,6,,2,1,4,3050,3628,3628,,,,1332,
159647,Louisiana Tech University,111,LA,22,1,21,1526,7,1,1,47,9,3,,1,,1,4,1,,5,1,,,2,1290,,1,,4,,8,3,,,1,,,,,2,1,,3,,,,1,,4,119,,,3,,,3,,,3429,3744,3699,,,,1393,
198899,Mars Hill University,160,NC,37,2,56,403,,,,,1,1,1,,,24,28,,,1,,,,6,1,,6,1,1,,,1,,,,,3,1,4,263,,3,,,2,,30,,8,2,,1,13,,1,,,,1900,,1600,,,,209,
237525,Marshall University,111,WV,54,1,43,1846,2,,1,1,2,1,1,,16,16,5,,,4,1,,,39,,,23,2,2,1,,1,,,,,6,,3,6,,198,1,,15,,5,,7,6,,,37,2,1442,,,,2344,3144,6094,,,,1742,
147013,McKendree University,145,IL,17,2,36,377,,,1,,10,2,,,,1,1,,,294,6,,,,1,,1,,1,,,47,,2,1,,,,,,,,,,,,,,,4,,,,2,,3,,,2550,3250,3200,,,,899,
213987,Mercyhurst University,158,PA,42,2,32,545,,,,,6,1,,,,5,1,,,9,2,,1,,,1,6,4,7,1,,2,,,3,3,4,,147,1,,76,,,252,1,,,,4,,1,4,2,,1,,,1750,1750,1750,,,,213,
204024,Miami University-Oxford,119,OH,39,1,14,3485,,1,5,2,42,26,60,,6,7,22,1,2,382,93,1,8,47,1,1,27,35,98,43,,60,1,1,1,3,42,,52,10,1,2219,1,2,56,2,1,,21,11,1,1,46,6,5,29,,3,3751,3751,6011,,,,308,
171100,Michigan State University,107,MI,26,1,23,6717,,3,3,,69,4,23,,2,47,9,2,,292,24,1,2,6,,,23,19,5793,17,,4,,1,3,5,68,2,57,12,1,62,,1,42,3,4,,2,59,,,17,9,,14,11,1,1886,1886,1886,,,,1358,
171128,Michigan Technological University,144,MI,26,1,26,,,,,,,,,,,,,,,,,,,,,,,,,,,,,,,,,,,,,,,,,,,,,,,,,,,,,,2272,2272,2272,,,,273,
220978,Middle Tennessee State University,111,TN,47,1,45,,,,,,,,,,,,,,,,,,,,,,,,,,,,,,,,,,,,,,,,,,,,,,,,,,,,,,4144,4144,4128,,,,4898,
226833,Midwestern State University,147,TX,48,1,38,782,,,,1,3,,,1,,,1,,,1,,,1,,,1,,,,1,,1,,,,,,1,2,,1,,3,,,,,,1,759,,,1,,,1,,2,1740,1740,4267,,,,1482,
101675,Miles College,161,AL,1,2,85,,,,,,,,,,,,,,,,,,,,,,,,,,,,,,,,,,,,,,,,,,,,,,,,,,,,,,2768,3108,2928,,,,276,
214041,Millersville University of Pennsylvania,158,PA,42,1,33,1290,,,,,1,1,,7,,1,,,,,,,,,,,24,,,,,,,,,1,32,,1,,,1,,,1219,1,,,,,,,1,,,,,,1811,1811,1350,,,,788,
174358,Minnesota State University Moorhead,155,MN,27,1,32,,,,,,,,,,,,,,,,,,,,,,,,,,,,,,,,,,,,,,,,,,,,,,,,,,,,,,3252,3252,3252,,,,1184,
173920,Minnesota State University-Mankato,155,MN,27,1,29,,,,,,,,,,,,,,,,,,,,,,,,,,,,,,,,,,,,,,,,,,,,,,,,,,,,,,2052,2698,2698,,,,1594,
200253,Minot State University,155,ND,38,1,22,360,1,1,1,,15,5,,,,7,1,,,2,,,,,,,,1,1,5,,,11,,,,,,1,1,286,,,3,2,,,2,,2,,,1,8,,2,1,,3460,3460,2270,,,,833,
176053,Mississippi College,204,MS,28,2,36,587,66,,,7,1,1,,,,27,4,,,3,1,,,2,62,,1,,1,,326,,,,,,,,1,,,3,,1,1,,,,38,39,,,1,1,,,,,3543,3453,5107,,,,499,
176080,Mississippi State University,130,MS,28,1,33,3130,281,1,1,26,10,6,1,2,,53,145,,,31,5,1,1,6,63,1,8,2,4,1,2005,16,,,,,8,,3,9,,4,,,1,1,7,2,332,76,1,,9,,1,6,,,5051,5051,5051,,,,1755,
178341,Missouri Southern State University,148,MO,29,1,56,797,,,,21,2,,,,,5,2,,,4,,1,51,,3,,,1,,2,,665,1,1,,,,1,,2,,1,28,,,,,,,4,,,,1,,,,1,3264,3868,3868,,,,1815,
178411,Missouri University of Science and Technology,145,MO,29,1,26,1232,,3,,8,6,8,,,,1,,1,,111,3,3,14,2,3,1,2,1,3,4,,1000,,4,,,,,,2,,7,8,,3,,1,,4,17,1,,3,3,1,3,1,,2502,,,,,,424,
178387,Missouri Western State University,148,MO,29,1,43,961,,1,,,3,1,,,,,,,,4,1,6,34,,,,,,1,2,,888,,16,,,,,,,,1,1,1,,,,,,,,,,,,1,,,2665,2665,2600,,,,1318,
140553,Morehouse College,161,GA,13,2,52,,,,,,,,,,,,,,,,,,,,,,,,,,,,,,,,,,,,,,,,,,,,,,,,,,,,,,6697,,,,,,84,
187897,New Mexico Highlands University,159,NM,35,1,53,344,,,14,,63,12,,,,7,1,4,,3,3,,1,,,,1,,1,,,1,,,4,,1,199,,2,,,,,,1,,,,14,3,,3,6,,,,,4584,4712,3892,,,,928,
218414,Newberry College,160,SC,45,2,47,229,1,,1,,3,4,,1,,8,12,,,,,,,1,,1,6,,,,,,,,,,2,,4,8,,2,,,1,,166,,1,,,,6,,,1,,,4000,4000,4000,,,,78,
218441,North Greenville University,141,SC,45,2,38,493,2,,,,,1,,,,10,15,,1,1,,,,,1,1,1,1,,,,,,,,1,1,,,56,,1,,1,3,,383,,4,1,,,4,1,1,,,2,4574,4574,4574,,,,82,
207263,Northeastern State University,148,OK,40,1,50,851,,,,23,3,3,,,,,,,,,1,,2,,1,,,,,,1,2,,,,,,1,1,1,,1,783,,,,,,,27,,,,1,,,,,1620,5080,4920,,,,2910,
147703,Northern Illinois University,119,IL,17,1,44,2659,1,,3,,6,1,,,,5,1,,,2536,17,2,1,,,,,,8,9,1,5,,1,3,,1,,,,,5,2,,,,,,,1,,3,,1,1,45,,,2662,2662,2662,,,,2565,
171456,Northern Michigan University,144,MI,26,1,39,1651,1,,2,,3,2,,,,11,2,,,156,10,1,,1,,,2,,1288,27,,1,1,1,,2,1,,1,1,1,5,,,,,,,2,4,,,2,,1,122,,,1740,1740,1740,,,,1331,
219259,Northern State University,155,SD,46,1,23,384,1,1,4,,7,1,,,,1,1,,2,2,1,3,,,,,,,,56,,,2,3,1,,,,,,24,1,,,,,,262,,3,,1,,2,,4,1,,3700,3700,3700,,,,499,
178624,Northwest Missouri State University,148,MO,29,1,35,1277,,,,,7,2,,,,2,3,,2,17,1,145,25,,,,,,,1,,908,,154,,,,,,,,4,,,,,1,,2,2,,,,,,,,1,2500,2500,2500,,,,250,
207306,Northwestern Oklahoma State University,367,OK,40,1,34,395,,1,3,3,14,1,,,,4,,,,,,,29,,2,,,,1,,,2,1,1,,,,,,1,,,300,,,,,,,31,,,,,,,1,,3600,2500,2000,,,,393,
147767,Northwestern University,107,IL,17,2,14,,,,,,,,,,,,,,,,,,,,,,,,,,,,,,,,,,,,,,,,,,,,,,,,,,,,,,1926,1926,2910,,,,581,
171492,Northwood University,144,MI,26,2,34,,,,,,,,,,,,,,,,,,,,,,,,,,,,,,,,,,,,,,,,,,,,,,,,,,,,,,2628,3456,3456,,,,1304,
204468,Notre Dame College,370,OH,39,2,35,,,,,,,,,,,,,,,,,,,,,,,,,,,,,,,,,,,,,,,,,,,,,,,,,,,,,,1410,1410,1410,,,,505,
204617,Ohio Dominican University,144,OH,39,2,33,233,,,,,,,,,,2,,,,1,2,,,,,,,,6,,,,,,,,,,1,,,218,,,,,,,,1,,,,,,2,,,2077,3977,3977,,,,536,
204796,Ohio State University-Main Campus,107,OH,39,1,22,6613,5,2,9,1,109,15,30,6,5,50,34,3,2,214,36,5,6,30,3,5,71,40,108,20,,23,1,2,7,6,108,2,175,36,1,5073,3,4,162,6,9,,23,51,3,1,58,7,12,24,2,5,2454,2454,4438,,,,3730,
204857,Ohio University-Main Campus,119,OH,39,1,26,4148,3,1,,,14,7,11,2,4,6,12,1,,54,5,1,,14,,1,45,7,24,2,1,4,,1,4,2,28,,41,14,,3626,,1,169,,1,,,4,,,22,2,10,4,,,2818,2818,6056,,,,6515,
207403,Oklahoma Baptist University,355,OK,40,2,36,,,,,,,,,,,,,,,,,,,,,,,,,,,,,,,,,,,,,,,,,,,,,,,,,,,,,,3998,3998,3858,,,,248,
207388,Oklahoma State University-Main Campus,108,OK,40,1,28,3788,1,3,4,24,35,26,4,2,1,6,4,1,1,27,7,2,86,,7,3,5,1,10,,,49,1,2,6,1,5,8,6,4,,9,2478,3,3,,1,3,6,916,3,,11,4,,5,4,,4770,4770,4770,,,,2631,
232982,Old Dominion University,111,VA,51,1,35,2905,,,,,5,,8,8,16,3,3,3,,3,1,,,,,,65,7,1,,,2,,,,2,34,1,22,21,,5,1,2,34,5,4,,2,6,,,2570,2,1,,,68,2875,2875,2875,,,,5268,
209542,Oregon State University,127,OR,41,1,32,3690,,27,11,,422,17,4,,,4,3,60,25,6,3,3,1,,1,,3,2,1,6,1,,7,,20,,3,1,2,2,,2,,2792,4,,1,2,1,18,2,,6,213,,6,1,7,2577,2577,2577,,,,4488,
107512,Ouachita Baptist University,367,AR,5,2,29,391,1,,,255,1,1,,,,,,,,,,,3,,5,,,,,,3,4,,,1,,,1,,1,,,3,,,,1,,4,106,,,1,,,,,,2500,3000,2800,,,,32,
194310,Pace University,153,NY,36,2,34,,,,,,,,,,,,,,,,,,,,,,,,,,,,,,,,,,,,,,,,,,,,,,,,,,,,,,2130,2880,2880,,,,1102,
155681,Pittsburg State University,148,KS,20,1,39,1144,,,4,28,,,,,,,1,,,1,,1,789,,,,,,,,,223,,4,,,1,2,1,,,,65,,,,,,,14,,,,,,1,,9,3436,3925,3925,,,,981,
130183,Post University,-2,CT,9,3,47,1025,18,,3,1,32,6,272,3,,41,65,3,3,20,8,3,5,11,15,2,14,15,22,11,39,13,2,2,4,6,30,4,85,19,1,38,5,3,32,5,18,1,26,61,3,4,25,3,6,15,1,1,4250,4250,4250,,,,5421,
243780,Purdue University-Main Campus,107,IN,18,1,20,5455,2,6,11,,220,25,18,4,,52,27,4,5,551,3558,11,11,22,2,4,32,42,66,43,1,49,2,4,11,5,69,3,46,18,,153,4,11,59,1,2,,27,60,3,1,33,19,1,46,1,110,1750,1750,3120,,,,1678,
148131,Quincy University,145,IL,17,2,42,274,,,2,,3,,,,,1,,,,184,3,4,,,,,,,1,,,63,,1,,,,1,,,,5,,,,,,,,1,,,,1,,4,,,2150,3150,3150,,,,141,
227757,Rice University,111,TX,48,2,17,839,4,1,8,1,71,10,8,,2,28,20,2,1,20,6,3,4,5,11,1,8,8,5,2,1,7,1,2,8,2,9,3,20,8,,7,8,9,9,1,4,1,7,448,,1,12,14,,5,,23,1550,1550,1550,,,,19,
186380,Rutgers University-New Brunswick,104,NJ,34,1,30,5996,,,1,1,43,,30,3,1,16,13,,,11,,,,,,1,37,33,4,6,,1,,,4,4,5504,,162,4,,9,2,1,61,2,3,,1,6,,1,10,4,,,,17,2841,2039,2035,,,,3003,
172051,Saginaw Valley State University,144,MI,26,1,38,,,,,,,,,,,,,,,,,,,,,,,,,,,,,,,,,,,,,,,,,,,,,,,,,,,,,,1092,3166,3166,,,,1357,
183239,Saint Anselm College,153,NH,33,2,17,503,,,,,4,,28,,,3,2,,,1,,,,,,34,3,260,1,1,,,,,,103,6,1,21,1,,1,,,2,20,,,,1,1,7,2,,,,,,1500,2000,2000,,,,28,
199582,Saint Augustine's University,140,NC,37,2,62,,,,,,,,,,,,,,,,,,,,,,,,,,,,,,,,,,,,,,,,,,,,,,,,,,,,,,5060,7780,5125,,,,134,
122409,San Diego State University,203,CA,6,1,40,4485,,1,38,,3990,31,8,1,1,11,6,19,4,27,6,2,4,1,3,2,14,25,3,20,,4,1,1,37,4,27,10,20,2,,7,1,15,11,2,,2,2,30,12,1,6,64,,9,,,2744,3140,2788,,,,4474,
122755,San Jose State University,137,CA,6,1,42,3660,,,6,,3599,1,1,1,,2,1,7,,3,,1,,,,1,2,3,,1,,,,,1,,2,,1,,,,,4,3,,,1,1,6,,,2,8,,2,,,2727,2794,2832,,,,5154,
140960,Savannah State University,121,GA,13,1,74,1282,2,,,,5,,,1,1,32,1206,,,1,1,,1,1,,,1,,3,,,1,,,,,2,,,1,,2,,,,,15,,,2,,,1,1,,2,,,2050,2250,2250,,,,423,
215947,Seton Hill University,158,PA,42,2,31,369,,,1,,5,,1,,1,20,,,,1,,,,1,1,3,19,,4,1,1,,,,,2,6,,19,,,8,,2,264,,,,1,2,,,5,,1,,,,2500,3000,2300,,,,267,
199643,Shaw University,140,NC,37,2,79,,,,,,,,,,,,,,,,,,,,,,,,,,,,,,,,,,,,,,,,,,,,,,,,,,,,,,3440,4390,4390,,,,481,
237792,Shepherd University,370,WV,54,1,33,682,,,,,2,1,,4,3,,,,,,1,,,,,,133,1,,1,,,,,,,1,,2,,,2,,1,20,,1,,,1,,,64,,444,,,,2875,3350,3350,,,,939,
216010,Shippensburg University of Pennsylvania,193,PA,42,1,31,1516,,,,,,,1,2,3,,,,,,,,,,,,76,,,1,,,,,,,24,,7,1,,,,,1388,,,,,1,,,10,,2,,,,3272,3272,3812,,,,376,
140988,Shorter University,146,GA,13,2,46,,,,,,,,,,,,,,,,,,,,,,,,,,,,,,,,,,,,,,,,,,,,,,,,,,,,,,2160,6501,3735,,,,370,
216038,Slippery Rock University of Pennsylvania,158,PA,42,1,32,1401,,,1,,4,1,2,1,,3,1,,,2,2,,,,,,25,1,3,,,,,,,,18,,28,,,78,,1,1217,,,,1,1,,,8,,3,,,,2012,3682,4246,,,,621,
219347,South Dakota School of Mines and Technology,141,SD,46,1,26,546,,3,12,,17,59,,,,1,2,,4,8,,7,,,,1,2,2,1,79,,2,7,30,2,2,1,,1,1,14,2,3,3,3,,1,229,,12,1,,1,10,,8,15,,4000,4500,4500,,,,335,
207847,Southeastern Oklahoma State University,367,OK,40,1,48,525,1,,1,1,1,2,,,,,,,1,,,,,,1,,,,,,,1,,,,,,2,2,,,,397,,,2,,1,,112,,,,,,,,,2957,3860,4854,,,,1096,
107983,Southern Arkansas University Main Campus,367,AR,5,1,50,,,,,,,,,,,,,,,,,,,,,,,,,,,,,,,,,,,,,,,,,,,,,,,,,,,,,,4832,6256,5408,,,,507,
130493,Southern Connecticut State University,153,CT,9,1,36,1376,,,,,3,,1277,,,3,,,,,,,1,,,1,,15,,,,,,,,2,11,,47,2,,1,,,4,3,,,,,,1,,,,1,,4,1565,3653,1155,,,,1243,
228246,Southern Methodist University,372,TX,48,2,16,1364,18,,24,12,189,36,30,1,3,70,37,3,,42,8,1,11,4,17,,13,12,11,12,1,43,,4,6,3,22,6,26,12,,8,23,10,12,1,5,1,26,558,1,,18,12,1,6,,5,2800,2800,2800,,,,243,
206862,Southern Nazarene University,367,OK,40,2,45,,,,,,,,,,,,,,,,,,,,,,,,,,,,,,,,,,,,,,,,,,,,,,,,,,,,,,2000,2000,2000,,,,619,
179326,Southwest Baptist University,148,MO,29,2,41,,,,,,,,,,,,,,,,,,,,,,,,,,,,,,,,,,,,,,,,,,,,,,,,,,,,,,2000,2000,2000,,,,727,
175078,Southwest Minnesota State University,155,MN,27,1,15,,,,,,,,,,,,,,,,,,,,,,,,,,,,,,,,,,,,,,,,,,,,,,,,,,,,,,3156,3156,3156,,,,491,
207865,Southwestern Oklahoma State University,367,OK,40,1,38,863,,,,2,1,6,1,,,1,,,,,,,7,,1,,1,,,,,1,,,,,,,1,1,,,787,1,,,,,1,49,,,,,,2,,,6066,6066,5184,,,,778,
243744,Stanford University,127,CA,6,2,16,1462,4,4,25,,596,33,18,2,5,52,32,10,6,51,12,4,1,8,5,2,31,30,20,24,2,11,2,6,6,3,33,10,56,20,1,19,8,32,29,4,4,3,6,108,8,3,35,65,2,9,2,,2400,,,,,,292,
167996,Stonehill College,153,MA,25,2,15,,,,,,,,,,,,,,,,,,,,,,,,,,,,,,,,,,,,,,,,,,,,,,,,,,,,,,1607,1345,3825,,,,19,
216339,Temple University,372,PA,42,1,35,4065,,1,1,1,17,2,44,17,13,7,2,,,5,2,1,,2,,3,87,43,6,1,,1,,1,1,9,341,,120,8,,7,1,2,3268,3,2,1,1,5,,2,26,2,3,4,1,1,4240,5790,2070,,,,3484,
228723,Texas A & M University-College Station,130,TX,48,1,22,10157,3,2,8,6,55,12,6,2,,20,33,2,3,13,5,2,7,3,25,2,10,4,6,4,1,11,1,3,5,1,10,7,9,10,1,10,11,11,9,1,5,1,18,9768,1,,16,7,,7,,,2849,2849,2849,,,,1358,
224554,Texas A & M University-Commerce,147,TX,48,1,50,,,,,,,,,,,,,,,,,,,,,,,,,,,,,,,,,,,,,,,,,,,,,,,,,,,,,,3734,1867,1867,,,,2325,
228705,Texas A & M University-Kingsville,147,TX,48,1,50,,,,,,,,,,,,,,,,,,,,,,,,,,,,,,,,,,,,,,,,,,,,,,,,,,,,,,4699,5171,4467,,,,3145,
228875,Texas Christian University,108,TX,48,2,13,1865,14,2,40,25,305,56,7,,,21,28,4,4,78,3,7,42,6,28,1,7,14,11,14,8,43,2,14,11,2,16,11,8,15,1,13,25,18,7,,4,2,34,880,5,,6,9,,8,1,5,2100,2620,2620,,,,450,
228459,Texas State University,134,TX,48,1,35,5355,1,1,2,3,11,10,,,,6,3,,1,5,2,,1,,1,2,3,,2,,1,1,,,1,2,1,3,3,2,,4,4,2,2,,,1,,5267,,,2,3,,2,,,2960,3780,6060,,,,4693,
229115,Texas Tech University,108,TX,48,1,28,4726,1,1,6,1,22,32,,,,6,7,,,7,,,1,,2,,1,1,3,1,,3,1,,3,2,4,89,5,9,2,3,10,2,2,,1,1,2,4477,,1,2,7,,1,,7,4420,3546,3546,,,,2706,
100751,The University of Alabama,130,AL,1,1,20,6292,2578,6,42,14,206,52,54,8,5,356,533,4,2,194,59,13,25,72,76,2,117,51,60,7,78,76,,3,6,13,108,5,102,159,1,100,11,7,123,5,73,,312,366,3,3,140,18,9,24,1,10,3194,3194,4970,,,,2511,
202763,The University of Findlay,144,OH,39,2,20,580,,,,,2,2,3,1,,3,1,,,15,32,,,2,,,10,,33,1,,2,,1,,1,4,,11,1,,424,,,17,,,,1,,,3,5,,1,4,,,1125,1120,1050,,,,336,
221759,The University of Tennessee-Knoxville,130,TN,47,1,30,4219,9,1,4,1,15,5,1,30,,,82,1,,16,10,,1,11,3,1,31,3,19,2,4,6,,,,,12,2,10,49,,33,,4,12,1,10,2,3742,16,,,60,1,3,4,,2,5550,5550,5830,,,,1871,
228769,The University of Texas at Arlington,-2,TX,48,1,40,,,,,,,,,,,,,,,,,,,,,,,,,,,,,,,,,,,,,,,,,,,,,,,,,,,,,,4332,4332,4332,,,,9059,
228778,The University of Texas at Austin,108,TX,48,1,26,7026,8,2,4,1,128,12,16,,2,17,16,3,1,56,2,2,9,4,18,,20,11,8,9,2,10,,,6,,24,8,38,1,1,7,8,8,8,4,1,2,16,6485,2,2,11,3,1,4,,25,4246,4246,4246,,,,2031,
228796,The University of Texas at El Paso,111,TX,48,1,58,3065,,3,6,,9,2,1,,,6,3,1,1,5,,,1,,,,3,1,3,1,,1,,1,2,,2,18,1,,,1,,,2,,,,,2987,1,,,3,,,,,3878,3878,3878,,,,5061,
229027,The University of Texas at San Antonio,111,TX,48,1,43,3522,,,2,,12,3,,,,7,1,1,1,2,,,1,1,1,1,,,,1,,1,,,2,,,1,1,1,,2,3,2,,,2,,2,3465,1,,2,2,,1,,,2506,4596,3456,,,,4662,
229018,The University of Texas Permian Basin,-2,TX,48,1,19,327,,,1,,2,,,,,2,,,2,,,,,,1,,,,,,,,,,1,,,6,,,,,1,,,,,,,311,,,,,,,,,2606,3563,3421,,,,1160,
233897,The University of Virginia's College at Wise,370,VA,51,1,38,334,,,,,1,,,,,,,,,,,,,7,,,,,,,,,,,,,,,,1,,1,,,,,1,,6,,,,317,,,,,,2300,2834,2834,,,,902,
138354,The University of West Florida,-2,FL,12,1,39,1289,26,,,,3,2,,1,,1175,7,,1,4,2,1,1,1,3,,8,1,2,,2,,,,1,,,,1,6,,1,,,6,1,2,,5,3,1,,7,,1,1,,13,2600,2600,2300,,,,3031,
206048,Tiffin University,144,OH,39,2,54,,,,,,,,,,,,,,,,,,,,,,,,,,,,,,,,,,,,,,,,,,,,,,,,,,,,,,4208,4208,4208,,,,1606,
102368,Troy University,134,AL,1,1,45,2084,1535,2,1,,2,,,1,1,180,263,2,,2,1,,1,5,4,,1,,,1,12,1,,,1,,,,3,9,,5,2,,1,,14,1,10,15,,,2,2,,4,,,3537,5533,5533,,,,8699,
178615,Truman State University,145,MO,29,1,20,1271,,,1,,4,3,,,,,1,1,,112,,29,23,2,1,,,,,4,1,1043,,20,,,,1,,,1,1,4,,1,,,,,12,1,,,,,5,,,3800,3800,3800,,,,94,
160755,Tulane University of Louisiana,111,LA,22,2,15,1567,9,,11,5,198,25,59,4,8,54,35,,1,99,8,2,6,3,184,8,72,92,7,7,14,34,,1,1,9,116,2,209,15,,19,2,9,44,9,3,1,23,102,,3,26,20,,8,,,1036,1036,1036,,,,1302,
221953,Tusculum University,160,TN,47,2,59,,,,,,,,,,,,,,,,,,,,,,,,,,,,,,,,,,,,,,,,,,,,,,,,,,,,,,3546,3546,3546,,,,807,
102377,Tuskegee University,161,AL,1,2,63,638,217,,,,65,1,2,,,17,146,,,37,6,,2,2,14,1,15,,16,,7,7,,1,3,,8,,7,7,,7,3,,7,,8,,5,20,,,5,,,2,,,4118,4118,4118,,,,95,
128328,United States Air Force Academy,203,CO,8,1,,1119,11,3,25,9,129,183,8,5,,48,39,6,8,42,20,10,15,9,14,5,22,10,24,20,6,20,6,9,7,3,13,11,31,23,,38,15,8,36,4,16,4,16,91,5,2,43,18,4,20,5,,,,,,,,29,
196088,University at Buffalo,119,NY,36,1,30,3219,1,1,,1,7,1,5,,,5,4,,,5,1,,2,,,,3,6,9,1,3,3,,,,5,41,,3052,2,,11,2,1,25,2,,,,7,,2,5,1,,,,5,2374,3324,3324,,,,1563,
200800,University of Akron Main Campus,119,OH,39,1,39,3763,,,1,,3,,,,5,9,3,,,7,5,,,4,,,6,2,8,2,,1,,,,1,3,,13,1,,3588,,,88,1,1,,,2,,,3,,3,3,,,2520,3152,3066,,,,4275,
100663,University of Alabama at Birmingham,111,AL,1,1,35,1754,1529,,1,2,4,,2,1,,25,56,,1,12,4,2,1,4,5,,2,,3,,21,4,,1,,1,4,1,1,5,1,2,4,1,,,2,1,32,10,,,4,,,4,,1,4375,4375,4375,,,,2786,
104179,University of Arizona,127,AZ,4,1,33,6875,6,9,4334,3,1232,100,22,3,3,24,18,8,21,127,9,3,10,2,3,2,30,21,21,17,,19,3,7,58,2,71,33,48,5,,13,6,35,38,2,2,3,5,101,12,,28,144,1,16,2,193,4074,7650,4944,,,,2883,
106397,University of Arkansas,130,AR,5,1,24,4282,3,,2,2192,18,7,2,1,1,18,9,1,,23,1,1,154,2,29,1,1,3,1,4,7,353,,1,1,,2,,3,2,,3,206,,3,,2,,106,1099,1,1,6,5,1,5,1,,3972,3972,3972,,,,2193,
106245,University of Arkansas at Little Rock,-2,AR,5,1,39,634,,,,585,,,1,,,1,1,,,2,2,,2,1,3,,1,,1,1,2,5,,,,,,,,,,,4,,,,,,2,16,,,3,,,1,,,4510,5210,5210,,,,4050,
106485,University of Arkansas at Monticello,367,AR,5,1,61,678,1,,,620,2,,,,,2,,,,1,,,,,20,,,,,,4,1,1,,,,,,,,,1,1,,,,,,3,20,,,,,,,1,,3600,4950,4950,,,,838,
110635,University of California-Berkeley,127,CA,6,1,31,,,,,,,,,,,,,,,,,,,,,,,,,,,,,,,,,,,,,,,,,,,,,,,,,,,,,,3747,4378,10001,,,,1612,
110662,University of California-Los Angeles,127,CA,6,1,36,,,,,,,,,,,,,,,,,,,,,,,,,,,,,,,,,,,,,,,,,,,,,,,,,,,,,,3730,4620,9517,,,,1526,
132903,University of Central Florida,372,FL,12,1,38,5836,6,1,,,9,7,12,4,2,5461,28,,1,26,4,4,2,1,1,,17,13,10,6,2,9,3,4,,3,30,1,23,10,,18,4,,24,1,10,1,8,19,1,,13,4,,3,2,28,4076,4076,4076,,,,10692,
176965,University of Central Missouri,148,MO,29,1,37,1737,1,,2,1,5,2,,,,5,,,,25,1,5,86,1,,,1,,1,,,1579,,3,1,,,,3,,,2,3,,3,,3,1,,2,,,,,,1,,,2900,2850,2500,,,,1631,
206941,University of Central Oklahoma,148,OK,40,1,35,2072,2,,2,2,2,5,,,,,1,,2,,1,,6,,2,,,,,1,,3,,1,1,,,3,1,,,,1998,,1,,,,,36,,,1,,,1,,,3800,5346,5346,,,,4018,
237312,University of Charleston,163,WV,54,2,41,260,,,1,,1,,,,,6,2,,,1,2,,,3,,,4,1,4,,,,,,,,3,,2,4,,24,,,4,,1,,2,4,1,1,17,,172,,,,2700,2700,2500,,,,337,
201885,University of Cincinnati-Main Campus,372,OH,39,1,26,4319,5,,,,9,11,4,,2,12,10,,1,28,104,1,3,211,1,1,17,4,17,4,,4,,,4,2,14,2,14,3,,3751,,2,21,1,3,,11,10,1,1,18,3,3,6,,,4794,5984,4856,,,,3706,
126614,University of Colorado Boulder,127,CO,8,1,18,5546,4,8,31,7,746,3248,58,4,8,80,36,26,15,183,20,6,16,6,15,1,61,81,27,43,2,23,7,2,15,13,96,12,89,24,,39,10,24,59,12,11,3,25,164,12,13,73,57,1,28,2,,4482,4482,4338,,,,1748,
134130,University of Florida,130,FL,12,1,32,6098,7,,,2,12,6,7,1,,5659,59,,1,11,5,2,2,4,1,1,31,9,8,4,1,2,,2,2,,30,1,77,21,,5,1,,30,1,10,,10,17,,,34,2,2,2,1,15,2240,2240,2240,,,,1862,
139959,University of Georgia,130,GA,13,1,24,5139,14,3,2,4,23,2,8,2,12,60,4594,2,1,11,2,,1,4,16,,42,8,,1,2,2,,,1,1,27,,30,61,,13,3,2,13,1,25,,34,62,,1,35,5,2,4,1,2,1640,2564,2564,,,,983,
225511,University of Houston,372,TX,48,1,38,3297,3,,3,2,12,1,,,1,5,3,,,6,1,1,1,1,11,,2,1,4,1,2,3,,,2,,2,1,7,,1,7,1,1,4,,,,,3202,1,1,1,,1,1,,,3950,5500,5500,,,,6134,
145637,University of Illinois Urbana-Champaign,107,IL,17,1,21,6154,4,,6,2,178,11,17,1,,26,15,5,1,5330,13,7,7,10,7,,21,30,27,8,,32,,1,1,3,87,1,38,7,,35,5,6,20,,3,,10,32,,,51,17,1,10,,68,2500,,,,,,678,
151263,University of Indianapolis,145,IN,18,2,36,787,,,,,3,,,,,1,,,,37,707,1,,4,,,,,7,1,,3,,,,,2,,,1,,17,,,1,1,,,1,,,,,,,,,,3304,6440,4008,,,,992,
153658,University of Iowa,107,IA,19,1,19,3955,,,3,1,44,17,,,2,10,3,,,1350,11,2133,11,1,,,11,6,15,114,,24,,12,1,1,5,1,7,4,2,14,2,3,7,,2,7,5,39,1,,6,1,1,78,,,2166,3116,2774,,,,1878,
155317,University of Kansas,108,KS,20,1,22,3882,2,1,10,12,113,109,4,1,1,17,6,4,2,244,8,28,2567,3,,,9,7,10,92,,282,,63,10,1,16,3,5,7,6,13,32,1,8,1,,11,5,119,1,,13,11,1,17,1,5,3568,3568,3568,,,,1982,
157085,University of Kentucky,130,KY,21,1,25,4579,12,3,1,,36,4,9,3,2,29,69,,2,287,87,2,2,3197,7,,48,12,31,1,2,19,1,2,3,4,18,1,30,24,1,368,3,2,61,1,7,,54,21,1,,59,5,24,24,,,2294,2294,2294,,,,1767,
160658,University of Louisiana at Lafayette,134,LA,22,1,33,2652,4,,3,1,10,2,1,,,16,5,,,3,3,1,1,,2510,,,,2,,7,1,,,,1,,,4,4,,4,,,2,,,,2,62,1,,1,,,1,,,3049,3626,3626,,,,2369,
159993,University of Louisiana at Monroe,134,LA,22,1,40,1303,4,,2,10,6,,,,,2,1,,,1,,,,,1205,,,,1,,19,1,,,,,,1,2,1,,,,1,1,,,,1,40,1,,1,1,,1,,,3049,3626,3626,,,,1059,
200217,University of Mary,155,ND,38,2,24,418,,,4,1,14,7,,,,2,,,,7,,2,,,,,,1,3,82,,,18,,5,,,,,,217,,,,,,,29,,3,,,,5,,9,5,4,2429,2429,2429,,,,347,
163286,University of Maryland-College Park,102,MD,24,1,20,,,,,,,,,,,,,,,,,,,,,,,,,,,,,,,,,,,,,,,,,,,,,,,,,,,,,,3162,3824,3824,,,,1956,
220862,University of Memphis,372,TN,47,1,47,2069,3,,,18,,1,,2,,9,7,,,12,3,,,1,3,,1,,3,1,90,6,1,1,,1,2,,3,2,,1,,,3,,3,,1875,12,,,2,2,,1,,,5112,5112,5112,,,,4721,
170976,University of Michigan-Ann Arbor,107,MI,26,1,16,5911,1,3,15,3,312,31,68,5,15,74,32,4,2,320,24,9,9,9,4,2,104,87,3671,46,1,20,2,8,13,6,182,6,379,15,1,144,4,11,104,6,4,2,14,39,6,5,53,21,2,11,1,1,2054,2054,4194,,,,559,
174075,University of Minnesota-Crookston,155,MN,27,1,22,204,,,,,9,1,1,,,1,,5,,2,1,,,,,,,1,3,140,,1,3,,,,,,,1,16,1,,,,,,,1,,,,2,1,,14,,,2600,2600,2600,,,,780,
174233,University of Minnesota-Duluth,155,MN,27,1,24,2020,,2,1,,1,1,,,,,,,,5,,10,,,,,,1,4,1759,,1,,,,,,,1,,14,2,,,2,,,3,,1,,,1,2,,137,,72,2384,2384,2384,,,,470,
174066,University of Minnesota-Twin Cities,107,MN,27,1,21,5261,,3,1,3,66,15,4,,2,15,5,1,1,349,9,33,15,3,,,5,8,13,3593,,33,2,26,1,1,9,2,8,2,58,12,3,2,17,1,4,79,8,36,1,,9,7,,751,,45,2194,2194,2194,,,,3826,
176017,University of Mississippi,130,MS,28,1,28,3530,118,1,5,34,61,15,10,1,4,104,335,1,,83,18,1,7,28,92,,35,14,11,8,1608,82,2,2,5,4,32,3,20,63,,20,9,3,16,2,19,,277,283,,,75,9,1,9,,,4918,4918,4918,,,,1553,
178396,University of Missouri-Columbia,130,MO,29,1,21,6012,4,,14,22,48,41,5,1,,17,26,3,1,1406,16,26,97,8,2,,7,12,16,102,,3795,1,16,3,6,10,1,10,10,1,19,13,1,7,1,,1,38,148,1,,12,6,1,35,2,,3296,,,,,,1038,
181215,University of Nebraska at Kearney,148,NE,31,1,34,953,,2,2,,1,12,,,1,6,,,,1,,6,22,,,,,,1,1,,2,,879,3,,,,,,,,,,,,,3,,8,,,,,,2,1,,3596,3596,3596,,,,570,
181464,University of Nebraska-Lincoln,107,NE,31,1,20,4253,1,1,10,6,56,88,1,,1,10,2,,3,133,8,69,73,2,1,,5,3,12,139,,47,,3209,6,1,4,2,1,6,12,12,3,2,9,2,,120,5,48,1,,5,5,,39,5,85,3604,3604,3604,,,,1157,
182281,University of Nevada-Las Vegas,203,NV,32,1,35,3699,,1,23,1,280,23,3,1,1,9,1,138,7,13,3,2,1,,1,1,5,2,3,6,1,4,4,3,3050,,8,7,10,1,,4,1,8,6,1,1,1,2,17,5,1,6,28,,2,2,1,4177,6347,6347,,,,5847,
182290,University of Nevada-Reno,203,NV,32,1,30,3049,,10,7,1,831,6,,,,,,19,10,1,3,,,,,,2,2,3,,,,2,1,2097,1,,2,,1,,1,,9,2,,,,,8,,1,3,25,,1,,,4494,5598,5456,,,,2355,
129941,University of New Haven,153,CT,9,2,25,1113,1,,1,,16,1,348,6,3,7,,1,,3,1,,,,,15,19,102,1,2,,,,,,21,199,,308,,,1,,1,25,15,,,1,6,,4,1,1,,2,,1,1470,3460,6310,,,,464,
187985,University of New Mexico-Main Campus,203,NM,35,1,39,,,,,,,,,,,,,,,,,,,,,,,,,,,,,,,,,,,,,,,,,,,,,,,,,,,,,,3746,5004,3745,,,,5864,
199139,University of North Carolina at Charlotte,114,NC,37,1,40,3022,,2,,,4,,10,2,,7,8,,,4,1,1,,,1,1,20,11,,2,,,,1,,5,29,,26,2776,,7,,,27,4,17,,2,6,,,24,1,2,1,,20,2033,3269,2474,,,,4051,
199281,University of North Carolina at Pembroke,141,NC,37,1,55,1045,1,,,,1,,1,,4,5,2,,,2,,,,,,1,4,,,,,,,2,,,4,,1,997,,1,,,,,3,,,,,,7,1,,1,,7,4237,4337,4337,,,,1536,
227216,University of North Texas,111,TX,48,1,37,,,,,,,,,,,,,,,,,,,,,,,,,,,,,,,,,,,,,,,,,,,,,,,,,,,,,,3132,4398,4058,,,,7377,
152080,University of Notre Dame,113,IN,18,2,11,1951,4,,17,3,185,28,44,3,2,71,23,9,2,279,124,14,21,25,18,2,39,44,116,79,2,43,6,14,8,6,88,8,134,18,2,135,7,13,89,5,3,3,16,102,1,1,35,24,2,33,1,,1950,1950,1950,,,,5,
207500,University of Oklahoma-Norman Campus,108,OK,40,1,24,4050,4,2,19,20,52,41,2,,2,14,9,2,1,26,5,5,41,3,8,1,2,1,4,6,2,24,2,6,6,2,11,7,9,7,2,8,2411,2,7,,1,4,9,1102,3,1,7,4,2,7,4,130,4959,4959,4959,,,,2713,
209551,University of Oregon,127,OR,41,1,25,3520,4,11,31,1,1005,53,4,1,1,7,10,39,10,23,5,2,4,,1,1,7,13,8,12,,3,7,,32,2,8,9,6,5,2,7,2,1956,5,2,,1,1,39,16,,11,138,1,7,6,1,2430,2430,2430,,,,1761,
219383,University of Sioux Falls,155,SD,46,2,31,,,,,,,,,,,,,,,,,,,,,,,,,,,,,,,,,,,,,,,,,,,,,,,,,,,,,,3430,3820,2555,,,,215,
102094,University of South Alabama,134,AL,1,1,39,1854,1481,1,,1,2,2,1,1,,105,26,,2,5,2,,,,11,,3,,2,,174,1,,,,,2,,2,,,4,1,,2,,2,,6,11,,,4,,,,,,4572,4572,4572,,,,2649,
218663,University of South Carolina-Columbia,130,SC,45,1,23,5011,7,2,3,,46,14,54,20,3,59,229,,,59,3,1,5,49,8,3,288,88,11,5,3,7,,2,2,9,167,1,88,494,,121,1,1,164,7,2599,,53,54,1,4,254,7,8,4,,3,4085,4085,4085,,,,1619,
137351,University of South Florida,372,FL,12,1,42,3578,2,,2,1,2,4,9,2,1,3288,20,,,13,3,1,2,2,1,1,16,11,9,8,,8,,1,,7,15,,25,12,,9,1,2,25,4,1,,6,8,1,,15,2,,5,,33,4100,4100,4100,,,,6567,
123961,University of Southern California,127,CA,6,2,23,2444,5,2,34,1,1416,36,21,3,4,54,31,36,5,103,12,4,13,4,10,2,29,47,8,17,1,16,1,3,22,1,50,4,104,12,,16,4,36,30,4,5,,13,104,11,1,23,76,2,8,,,1480,1480,3540,,,,695,
176372,University of Southern Mississippi,111,MS,28,1,49,1735,138,1,3,2,6,1,1,,1,43,19,,1,11,1,,1,2,210,,6,,1,1,1227,3,,,,,2,,4,1,,6,,,1,,1,,14,20,,1,3,,,3,,,4544,5544,5544,,,,2764,
206084,University of Toledo,119,OH,39,1,36,,,,,,,,,,,,,,,,,,,,,,,,,,,,,,,,,,,,,,,,,,,,,,,,,,,,,,3758,4628,4628,,,,2570,
207971,University of Tulsa,111,OK,40,2,15,619,,1,2,15,14,14,1,,,8,1,,,5,2,3,36,,,,1,2,2,4,1,62,1,3,,,5,4,3,3,,,325,1,,,,1,6,87,,,4,2,,,,,4524,4524,4524,,,,204,
230764,University of Utah,127,UT,49,1,31,2916,1,3,15,2,180,41,5,1,1,11,4,11,96,11,3,,,4,1,1,8,10,11,18,,1,9,,49,6,8,6,12,10,1,11,,15,16,,1,9,3,62,2145,2,11,68,,5,9,19,5166,6264,5166,,,,7857,
236948,University of Washington-Seattle Campus,127,WA,53,1,25,,,,,,,,,,,,,,,,,,,,,,,,,,,,,,,,,,,,,,,,,,,,,,,,,,,,,,2679,2679,2679,,,,2963,
101587,University of West Alabama,146,AL,1,1,53,,,,,,,,,,,,,,,,,,,,,,,,,,,,,,,,,,,,,,,,,,,,,,,,,,,,,,2764,2764,3512,,,,357,
141334,University of West Georgia,146,GA,13,1,51,,,,,,,,,,,,,,,,,,,,,,,,,,,,,,,,,,,,,,,,,,,,,,,,,,,,,,5942,6468,6308,,,,1386,
240444,University of Wisconsin-Madison,107,WI,55,1,15,5963,1,2,7,2,130,18,34,2,13,34,8,1,5,570,13,20,3,2,2,3,50,46,31,715,,23,2,5,1,2,91,,138,5,5,24,3,4,29,3,1,1,3,25,5,3,27,7,,3840,,4,4041,3215,3215,,,,1701,
240727,University of Wyoming,203,WY,56,1,24,1539,,6,11,,57,406,3,,,2,1,3,7,18,3,2,5,,,2,5,4,8,11,,6,14,42,5,2,4,1,4,1,3,7,4,10,11,,,17,1,17,5,2,9,17,,8,778,17,3090,3090,1545,,,,2421,
154493,Upper Iowa University,155,IA,19,2,47,,,,,,,,,,,,,,,,,,,,,,,,,,,,,,,,,,,,,,,,,,,,,,,,,,,,,,2600,2600,4600,,,,2995,
230728,Utah State University,203,UT,49,1,36,3867,1,6,102,1,106,108,2,,,10,5,5,328,11,3,4,4,4,,2,8,3,6,9,2,3,18,3,56,2,5,13,14,3,1,7,5,24,13,1,3,,6,35,2823,2,14,42,,4,38,2,3820,3820,1910,,,,5827,
141264,Valdosta State University,146,GA,13,1,47,1699,,,1,,2,2,,,,24,1651,,1,4,,,,,,,,1,,1,,,,,,,,,1,4,,2,,,1,,,,,,,,1,,1,1,,1,5976,5976,5976,,,,1458,
221999,Vanderbilt University,130,TN,47,2,14,,,,,,,,,,,,,,,,,,,,,,,,,,,,,,,,,,,,,,,,,,,,,,,,,,,,,,2670,,,,,,16,
234155,Virginia State University,140,VA,51,1,71,1132,,,,,10,,7,4,60,1,8,,,20,,,,,1,,63,4,3,,2,2,,,3,,40,,72,24,,1,,,19,1,3,,,,,,782,2,,,,,1675,1675,6507,,,,464,
234164,Virginia Union University,140,VA,51,2,72,404,,,1,,3,,4,3,24,10,4,,,,,,,,,,49,,,1,,,,,,,21,,33,9,,,,,16,,,,,2,,,224,,,,,,3386,5695,5695,,,,110,
206437,Walsh University,144,OH,39,2,35,,,,,,,,,,,,,,,,,,,,,,,,,,,,,,,,,,,,,,,,,,,,,,,,,,,,,,2136,2304,2004,,,,483,
156082,Washburn University,148,KS,20,1,36,840,,,1,1,,10,,1,,,,,,,1,,774,,,,,,,,,23,,4,,,4,,,,,,1,,1,,,,,5,,1,,,,1,,12,4238,4238,4238,,,,1724,
236939,Washington State University,127,WA,53,1,34,4005,1,18,14,1,129,17,,,,5,,38,47,6,,1,,1,,1,1,,2,1,1,2,9,,19,,1,2,1,1,1,1,2,32,2,,,,,12,7,,6,3619,,1,3,,3542,3542,3542,,,,3906,
181783,Wayne State College,155,NE,31,1,37,690,,,,,3,6,,,,,,,,,,46,1,1,,,,,,5,,2,,611,,,,,,1,,,,,,,,4,,,,,,6,,3,1,,2636,2636,4136,,,,276,
172644,Wayne State University,144,MI,26,1,48,2111,1,,,,,,1,,,,3,,,2,1,,1,,,,1,2,2071,,,,,,,,3,,,1,,8,,1,2,,,,,,,,,,,,,13,2079,5181,4853,,,,5106,
216764,West Chester University of Pennsylvania,158,PA,42,1,24,2296,,1,,,1,2,3,32,,1,,,,,,1,,,,,18,1,,,,,,,,,370,,10,,,,,,1850,,1,,,1,,,4,,,,,,3500,3500,4900,,,,1244,
237932,West Liberty University,163,WV,54,1,39,,,,,,,,,,,,,,,,,,,,,,,,,,,,,,,,,,,,,,,,,,,,,,,,,,,,,,3930,4415,3920,,,,319,
229814,West Texas A & M University,147,TX,48,1,39,1282,,1,7,2,13,30,2,,,2,1,,1,5,,,8,,2,,,,,1,,1,1,2,1,1,,29,1,3,,,15,,,,,,1,1141,,,7,2,,2,,,4456,4764,4764,,,,1643,
237899,West Virginia State University,163,WV,54,1,46,417,,,,,,,,,5,2,2,,,6,2,,,4,,,17,,4,1,,,,,,,2,,,1,,14,,,2,,,,,2,,,7,,346,,,,3656,3656,3656,,,,823,
238032,West Virginia University,108,WV,54,1,26,4755,2,,1,1,20,6,41,47,7,23,14,,,20,2,2,2,3,,5,465,39,6,2,,3,,,1,9,324,1,183,23,,211,,3,648,2,8,,7,26,1,5,392,1,2194,4,1,,1971,2629,2826,,,,1588,
237969,West Virginia Wesleyan College,370,WV,54,2,34,450,,,1,,4,,1,1,1,12,3,,,2,,,,2,1,1,51,,1,,1,,,,1,,6,,1,6,,10,,,34,,3,,2,6,,2,24,,273,,,,3500,3500,3500,,,,35,
128391,Western Colorado University,159,CO,8,1,30,469,1,7,6,1,18,335,3,1,,,1,2,1,4,1,1,3,,,,2,6,2,5,,1,1,1,1,4,1,6,2,2,,3,5,1,4,,,1,1,18,3,2,1,7,,2,2,,2610,2610,2466,,,,253,
157951,Western Kentucky University,134,KY,21,1,37,2929,6,,1,,6,,1,,,25,23,,,34,136,2,,2273,1,1,4,3,4,,,16,,,2,1,3,,,4,,31,1,,,,,,339,8,,,2,,,2,,,1780,4292,1780,,,,3183,
172699,Western Michigan University,119,MI,26,1,39,3149,,1,1,,4,2,1,,,4,2,2,,246,27,,,2,,,5,,2804,4,,3,,,,,1,,2,4,,9,,2,,1,,,,8,,,1,4,,9,,,2290,2290,3864,,,,2588,
188304,Western New Mexico University,159,NM,35,1,48,396,,,38,,39,1,,,,2,,2,1,,,,,,,,,,,,,,,,2,,,298,,2,,,,,,,,,,11,,,,,,,,,4600,4600,4006,,,,905,
210429,Western Oregon University,213,OR,41,1,43,832,,12,2,,25,3,,,,1,,55,7,,,,,,,,,,,,,1,2,,5,,,1,,,,1,,655,1,,,1,,1,1,,,58,,,,,2982,2982,2982,,,,939,
238078,Wheeling University,-2,WV,54,2,24,,,,,,,,,,,,,,,,,,,,,,,,,,,,,,,,,,,,,,,,,,,,,,,,,,,,,,1800,1800,2000,,,,236,
156125,Wichita State University,-2,KS,20,1,36,1283,,,2,2,3,4,1,,,1,,1,1,6,1,2,1128,,,,1,,1,2,,14,,6,,,1,,,,,1,8,,,,,,1,11,,1,2,,,1,,81,3566,4316,4075,,,,3365,
179955,William Jewell College,145,MO,29,2,28,,,,,,,,,,,,,,,,,,,,,,,,,,,,,,,,,,,,,,,,,,,,,,,,,,,,,,3600,4140,4140,,,,83,
199962,Wingate University,160,NC,37,2,38,,,,,,,,,,,,,,,,,,,,,,,,,,,,,,,,,,,,,,,,,,,,,,,,,,,,,,1350,1300,1300,,,,114,
175272,Winona State University,155,MN,27,1,26,,,,,,,,,,,,,,,,,,,,,,,,,,,,,,,,,,,,,,,,,,,,,,,,,,,,,,3060,3060,4160,,,,959,
199999,Winston-Salem State University,140,NC,37,1,58,721,,,,,1,,,,16,4,7,,,1,,,,,,,9,1,2,,,,,,,,5,,1,654,,2,,,,,8,,,,,,10,,,,,,2372,2500,2500,,,,1658,